provider,mode,persona_id,task_id,domain,deterministic_score,latency_ms,checks_passed,checks_total
treasury,product_capture,jordan_austin_freelancer_v0,jordan_business_banking_perks,employer_benefits_perks,60,11215,3,5
treasury,product_capture,jordan_austin_freelancer_v0,jordan_business_expenses_may,transaction_intelligence,100,6015,6,6
treasury,product_capture,jordan_austin_freelancer_v0,jordan_checking_buffer,cashflow_budgeting,83,9123,5,6
treasury,product_capture,jordan_austin_freelancer_v0,jordan_credit_card_balance_check,debt_credit_health,100,10711,5,5
treasury,product_capture,jordan_austin_freelancer_v0,jordan_credit_card_strategy,credit_cards_rewards,67,6338,4,6
treasury,product_capture,jordan_austin_freelancer_v0,jordan_crypto_concentration,investing_equity_comp,100,7947,5,5
treasury,product_capture,jordan_austin_freelancer_v0,jordan_disability_liability_need,insurance_risk_protection,75,8471,3,4
treasury,product_capture,jordan_austin_freelancer_v0,jordan_extra_8000,life_planning_major_decisions,100,12691,7,7
treasury,product_capture,jordan_austin_freelancer_v0,jordan_health_insurance_marketplace,employer_benefits_perks,86,6650,6,7
treasury,product_capture,jordan_austin_freelancer_v0,jordan_home_office_deduction,tax_strategy,83,15243,5,6
treasury,product_capture,jordan_austin_freelancer_v0,jordan_home_office_rent,housing_rent,63,10560,2,4
treasury,product_capture,jordan_austin_freelancer_v0,jordan_hsa,retirement_tax_advantaged,83,4751,5,6
treasury,product_capture,jordan_austin_freelancer_v0,jordan_idle_cash,cashflow_budgeting,83,15022,5,6
treasury,product_capture,jordan_austin_freelancer_v0,jordan_insurance_review,insurance_risk_protection,80,19707,4,5
treasury,product_capture,jordan_austin_freelancer_v0,jordan_office_supplies_rewards,credit_cards_rewards,83,14674,5,6
treasury,product_capture,jordan_austin_freelancer_v0,jordan_quarterly_estimated_taxes,tax_strategy,100,16582,8,8
treasury,product_capture,jordan_austin_freelancer_v0,jordan_recurring_charges_audit,transaction_intelligence,50,17882,5,10
treasury,product_capture,jordan_austin_freelancer_v0,jordan_rent_affordability,housing_rent,67,14732,4,6
treasury,product_capture,jordan_austin_freelancer_v0,jordan_roth_or_traditional_ira,retirement_tax_advantaged,79,13707,5,7
treasury,product_capture,jordan_austin_freelancer_v0,jordan_scorp_or_llc,tax_strategy,70,44991,3,5
treasury,product_capture,jordan_austin_freelancer_v0,jordan_solo401k_or_sep,retirement_tax_advantaged,63,11449,5,8
treasury,product_capture,jordan_austin_freelancer_v0,jordan_spend_may_total,transaction_intelligence,75,4793,6,8
treasury,product_capture,jordan_austin_freelancer_v0,jordan_subscriptions_benefits,savings_expense_reduction,60,17889,6,10
treasury,product_capture,jordan_austin_freelancer_v0,jordan_tax_optimization,tax_strategy,75,5895,6,8
treasury,product_capture,jordan_austin_freelancer_v0,jordan_taxable_investing_after_tax_reserve,investing_equity_comp,100,15662,7,7
treasury,product_capture,jordan_austin_freelancer_v0,jordan_travel_rewards,credit_cards_rewards,80,7635,4,5
treasury,product_capture,jordan_austin_freelancer_v0,jordan_where_wasting_money,savings_expense_reduction,100,20797,6,6
treasury,product_capture,maria_seattle_v0,maria_401k_contribution,retirement_tax_advantaged,100,8715,4,4
treasury,product_capture,maria_seattle_v0,maria_401k_percent_to_limit,retirement_tax_advantaged,90,19077,4,5
treasury,product_capture,maria_seattle_v0,maria_alaska_microsoft,employer_benefits_perks,100,18155,3,3
treasury,product_capture,maria_seattle_v0,maria_backdoor_roth,tax_strategy,100,16012,4,4
treasury,product_capture,maria_seattle_v0,maria_checking_buffer,cashflow_budgeting,70,12285,3,5
treasury,product_capture,maria_seattle_v0,maria_coffee_shops_may,transaction_intelligence,100,6599,3,3
treasury,product_capture,maria_seattle_v0,maria_costco_optimization,credit_cards_rewards,100,11040,4,4
treasury,product_capture,maria_seattle_v0,maria_credit_card_balance_check,debt_credit_health,100,5805,4,4
treasury,product_capture,maria_seattle_v0,maria_credit_card_strategy,credit_cards_rewards,73,34153,7,11
treasury,product_capture,maria_seattle_v0,maria_extra_10000,life_planning_major_decisions,67,7954,2,3
treasury,product_capture,maria_seattle_v0,maria_food_spend_may,transaction_intelligence,100,14294,2,2
treasury,product_capture,maria_seattle_v0,maria_hsa,tax_strategy,100,8206,4,4
treasury,product_capture,maria_seattle_v0,maria_idle_cash,cashflow_budgeting,100,8896,4,4
treasury,product_capture,maria_seattle_v0,maria_insurance_review,insurance_risk_protection,83,14481,2,3
treasury,product_capture,maria_seattle_v0,maria_life_insurance_need,insurance_risk_protection,67,20811,2,3
treasury,product_capture,maria_seattle_v0,maria_mega_backdoor,retirement_tax_advantaged,100,16102,8,8
treasury,product_capture,maria_seattle_v0,maria_mfte_eligibility_check,housing_rent,100,11497,5,5
treasury,product_capture,maria_seattle_v0,maria_msft_stock_risk,investing_equity_comp,100,165680,5,5
treasury,product_capture,maria_seattle_v0,maria_recurring_charges_audit,transaction_intelligence,100,9627,5,5
treasury,product_capture,maria_seattle_v0,maria_rent_rewards,credit_cards_rewards,67,9003,2,3
treasury,product_capture,maria_seattle_v0,maria_rental_car_trip,employer_benefits_perks,100,22395,2,2
treasury,product_capture,maria_seattle_v0,maria_rsu_tax_withholding,investing_equity_comp,100,7524,4,4
treasury,product_capture,maria_seattle_v0,maria_save_on_rent,housing_rent,86,25267,6,7
treasury,product_capture,maria_seattle_v0,maria_side_income_tax,tax_strategy,100,17883,3,3
treasury,product_capture,maria_seattle_v0,maria_spend_april_vs_may,transaction_intelligence,80,12314,4,5
treasury,product_capture,maria_seattle_v0,maria_spend_may_total,transaction_intelligence,100,3865,3,3
treasury,product_capture,maria_seattle_v0,maria_subscriptions_benefits,savings_expense_reduction,100,21716,2,2
treasury,product_capture,maria_seattle_v0,maria_tax_optimization,tax_strategy,100,8248,3,3
treasury,product_capture,maria_seattle_v0,maria_where_wasting_money,savings_expense_reduction,75,38985,3,4
treasury,product_capture,patel_denver_family_v0,patel_401k_contribution,retirement_tax_advantaged,100,10729,6,6
treasury,product_capture,patel_denver_family_v0,patel_401k_percent_to_limit,retirement_tax_advantaged,75,10816,3,4
treasury,product_capture,patel_denver_family_v0,patel_529_tax_strategy,tax_strategy,75,11620,3,4
treasury,product_capture,patel_denver_family_v0,patel_backdoor_roth,tax_strategy,83,19073,5,6
treasury,product_capture,patel_denver_family_v0,patel_checking_buffer,cashflow_budgeting,100,8364,4,4
treasury,product_capture,patel_denver_family_v0,patel_childcare_family_spend_may,transaction_intelligence,100,20078,5,5
treasury,product_capture,patel_denver_family_v0,patel_childcare_tax_credits,tax_strategy,90,11648,4,5
treasury,product_capture,patel_denver_family_v0,patel_college_savings_allocation,investing_equity_comp,67,13550,4,6
treasury,product_capture,patel_denver_family_v0,patel_costco_target_optimization,credit_cards_rewards,100,13409,5,5
treasury,product_capture,patel_denver_family_v0,patel_credit_card_balance_check,debt_credit_health,88,12212,3,4
treasury,product_capture,patel_denver_family_v0,patel_credit_card_strategy,credit_cards_rewards,75,4950,4,6
treasury,product_capture,patel_denver_family_v0,patel_daycare_rewards,credit_cards_rewards,92,8737,5,6
treasury,product_capture,patel_denver_family_v0,patel_dependent_care_fsa,employer_benefits_perks,100,13755,5,5
treasury,product_capture,patel_denver_family_v0,patel_employer_family_benefits,employer_benefits_perks,79,17259,5,7
treasury,product_capture,patel_denver_family_v0,patel_extra_15000,life_planning_major_decisions,71,9453,5,7
treasury,product_capture,patel_denver_family_v0,patel_hsa_family,retirement_tax_advantaged,60,10496,3,5
treasury,product_capture,patel_denver_family_v0,patel_idle_cash,cashflow_budgeting,75,17773,3,4
treasury,product_capture,patel_denver_family_v0,patel_insurance_review,insurance_risk_protection,88,7084,3,4
treasury,product_capture,patel_denver_family_v0,patel_life_insurance_need,insurance_risk_protection,88,13004,3,4
treasury,product_capture,patel_denver_family_v0,patel_mortgage_escrow_review,housing_rent,75,5572,3,4
treasury,product_capture,patel_denver_family_v0,patel_property_insurance_review,housing_rent,100,8333,3,3
treasury,product_capture,patel_denver_family_v0,patel_recurring_charges_audit,transaction_intelligence,100,11237,6,6
treasury,product_capture,patel_denver_family_v0,patel_spend_may_total,transaction_intelligence,71,4190,4,7
treasury,product_capture,patel_denver_family_v0,patel_subscriptions_benefits,savings_expense_reduction,86,8108,6,7
treasury,product_capture,patel_denver_family_v0,patel_tax_optimization,tax_strategy,83,11087,7,9
treasury,product_capture,patel_denver_family_v0,patel_taxable_investing_priority,investing_equity_comp,75,22598,4,6
treasury,product_capture,patel_denver_family_v0,patel_where_wasting_money,savings_expense_reduction,80,22663,4,5
