provider,mode,persona_id,task_id,domain,final_score,deterministic_score,judge_score,score_source,deterministic_weight,judge_weight,judge_deterministic_delta,final_judge_delta,scoring_mode,latency_ms,scoring_warnings
treasury,product_capture,jordan_austin_freelancer_v0,jordan_business_banking_perks,employer_benefits_perks,84,60,88,weighted_blend,0.15,0.85,28,4,deterministic_plus_judge,11215,Deterministic/judge divergence 28 points; inspect validator brittleness or judge reasoning.
treasury,product_capture,jordan_austin_freelancer_v0,jordan_business_expenses_may,transaction_intelligence,100,100,100,weighted_blend,0.5,0.5,0,0,deterministic_plus_judge,6015,
treasury,product_capture,jordan_austin_freelancer_v0,jordan_checking_buffer,cashflow_budgeting,87,83,88,weighted_blend,0.25,0.75,5,1,deterministic_plus_judge,9123,
treasury,product_capture,jordan_austin_freelancer_v0,jordan_credit_card_balance_check,debt_credit_health,96,100,95,weighted_blend,0.2,0.8,5,1,deterministic_plus_judge,10711,
treasury,product_capture,jordan_austin_freelancer_v0,jordan_credit_card_strategy,credit_cards_rewards,81,67,85,weighted_blend,0.2,0.8,18,4,deterministic_plus_judge,6338,
treasury,product_capture,jordan_austin_freelancer_v0,jordan_crypto_concentration,investing_equity_comp,96,100,95,weighted_blend,0.2,0.8,5,1,deterministic_plus_judge,7947,
treasury,product_capture,jordan_austin_freelancer_v0,jordan_disability_liability_need,insurance_risk_protection,83,75,85,weighted_blend,0.2,0.8,10,2,deterministic_plus_judge,8471,
treasury,product_capture,jordan_austin_freelancer_v0,jordan_extra_8000,life_planning_major_decisions,96,100,95,weighted_blend,0.15,0.85,5,1,deterministic_plus_judge,12691,
treasury,product_capture,jordan_austin_freelancer_v0,jordan_health_insurance_marketplace,employer_benefits_perks,85,86,85,weighted_blend,0.2,0.8,1,0,deterministic_plus_judge,6650,
treasury,product_capture,jordan_austin_freelancer_v0,jordan_home_office_deduction,tax_strategy,93,83,95,weighted_blend,0.2,0.8,12,2,deterministic_plus_judge,15243,
treasury,product_capture,jordan_austin_freelancer_v0,jordan_home_office_rent,housing_rent,81,63,85,weighted_blend,0.2,0.8,22,4,deterministic_plus_judge,10560,
treasury,product_capture,jordan_austin_freelancer_v0,jordan_hsa,retirement_tax_advantaged,85,83,85,weighted_blend,0.2,0.8,2,0,deterministic_plus_judge,4751,
treasury,product_capture,jordan_austin_freelancer_v0,jordan_idle_cash,cashflow_budgeting,90,83,92,weighted_blend,0.2,0.8,9,2,deterministic_plus_judge,15022,
treasury,product_capture,jordan_austin_freelancer_v0,jordan_insurance_review,insurance_risk_protection,92,80,95,weighted_blend,0.2,0.8,15,3,deterministic_plus_judge,19707,
treasury,product_capture,jordan_austin_freelancer_v0,jordan_office_supplies_rewards,credit_cards_rewards,85,83,85,weighted_blend,0.2,0.8,2,0,deterministic_plus_judge,14674,
treasury,product_capture,jordan_austin_freelancer_v0,jordan_quarterly_estimated_taxes,tax_strategy,96,100,95,weighted_blend,0.2,0.8,5,1,deterministic_plus_judge,16582,
treasury,product_capture,jordan_austin_freelancer_v0,jordan_recurring_charges_audit,transaction_intelligence,63,50,75,weighted_blend,0.5,0.5,25,12,deterministic_plus_judge,17882,Deterministic/judge divergence 25 points; inspect validator brittleness or judge reasoning.
treasury,product_capture,jordan_austin_freelancer_v0,jordan_rent_affordability,housing_rent,84,67,88,weighted_blend,0.2,0.8,21,4,deterministic_plus_judge,14732,
treasury,product_capture,jordan_austin_freelancer_v0,jordan_roth_or_traditional_ira,retirement_tax_advantaged,92,79,95,weighted_blend,0.2,0.8,16,3,deterministic_plus_judge,13707,
treasury,product_capture,jordan_austin_freelancer_v0,jordan_scorp_or_llc,tax_strategy,82,70,85,weighted_blend,0.2,0.8,15,3,deterministic_plus_judge,44991,
treasury,product_capture,jordan_austin_freelancer_v0,jordan_solo401k_or_sep,retirement_tax_advantaged,86,63,92,weighted_blend,0.2,0.8,29,6,deterministic_plus_judge,11449,Deterministic/judge divergence 29 points; inspect validator brittleness or judge reasoning.
treasury,product_capture,jordan_austin_freelancer_v0,jordan_spend_may_total,transaction_intelligence,80,75,85,weighted_blend,0.5,0.5,10,5,deterministic_plus_judge,4793,
treasury,product_capture,jordan_austin_freelancer_v0,jordan_subscriptions_benefits,savings_expense_reduction,75,60,78,weighted_blend,0.15,0.85,18,3,deterministic_plus_judge,17889,
treasury,product_capture,jordan_austin_freelancer_v0,jordan_tax_optimization,tax_strategy,92,75,95,weighted_blend,0.15,0.85,20,3,deterministic_plus_judge,5895,
treasury,product_capture,jordan_austin_freelancer_v0,jordan_taxable_investing_after_tax_reserve,investing_equity_comp,96,100,95,weighted_blend,0.15,0.85,5,1,deterministic_plus_judge,15662,
treasury,product_capture,jordan_austin_freelancer_v0,jordan_travel_rewards,credit_cards_rewards,84,80,85,weighted_blend,0.2,0.8,5,1,deterministic_plus_judge,7635,
treasury,product_capture,jordan_austin_freelancer_v0,jordan_where_wasting_money,savings_expense_reduction,90,100,88,weighted_blend,0.15,0.85,12,2,deterministic_plus_judge,20797,
treasury,product_capture,maria_seattle_v0,maria_401k_contribution,retirement_tax_advantaged,89,100,85,weighted_blend,0.25,0.75,15,4,deterministic_plus_judge,8715,
treasury,product_capture,maria_seattle_v0,maria_401k_percent_to_limit,retirement_tax_advantaged,94,90,95,weighted_blend,0.25,0.75,5,1,deterministic_plus_judge,19077,
treasury,product_capture,maria_seattle_v0,maria_alaska_microsoft,employer_benefits_perks,93,100,92,weighted_blend,0.15,0.85,8,1,deterministic_plus_judge,18155,
treasury,product_capture,maria_seattle_v0,maria_backdoor_roth,tax_strategy,100,100,100,weighted_blend,0.2,0.8,0,0,deterministic_plus_judge,16012,
treasury,product_capture,maria_seattle_v0,maria_checking_buffer,cashflow_budgeting,86,70,90,weighted_blend,0.2,0.8,20,4,deterministic_plus_judge,12285,
treasury,product_capture,maria_seattle_v0,maria_coffee_shops_may,transaction_intelligence,100,100,100,weighted_blend,0.5,0.5,0,0,deterministic_plus_judge,6599,
treasury,product_capture,maria_seattle_v0,maria_costco_optimization,credit_cards_rewards,96,100,95,weighted_blend,0.2,0.8,5,1,deterministic_plus_judge,11040,
treasury,product_capture,maria_seattle_v0,maria_credit_card_balance_check,debt_credit_health,96,100,95,weighted_blend,0.2,0.8,5,1,deterministic_plus_judge,5805,
treasury,product_capture,maria_seattle_v0,maria_credit_card_strategy,credit_cards_rewards,75,73,75,weighted_blend,0.2,0.8,2,0,deterministic_plus_judge,34153,
treasury,product_capture,maria_seattle_v0,maria_extra_10000,life_planning_major_decisions,85,67,88,weighted_blend,0.15,0.85,21,3,deterministic_plus_judge,7954,
treasury,product_capture,maria_seattle_v0,maria_food_spend_may,transaction_intelligence,100,100,100,weighted_blend,0.5,0.5,0,0,deterministic_plus_judge,14294,
treasury,product_capture,maria_seattle_v0,maria_hsa,tax_strategy,96,100,95,weighted_blend,0.2,0.8,5,1,deterministic_plus_judge,8206,
treasury,product_capture,maria_seattle_v0,maria_idle_cash,cashflow_budgeting,96,100,95,weighted_blend,0.15,0.85,5,1,deterministic_plus_judge,8896,
treasury,product_capture,maria_seattle_v0,maria_insurance_review,insurance_risk_protection,90,83,92,weighted_blend,0.2,0.8,9,2,deterministic_plus_judge,14481,
treasury,product_capture,maria_seattle_v0,maria_life_insurance_need,insurance_risk_protection,81,67,85,weighted_blend,0.2,0.8,18,4,deterministic_plus_judge,20811,
treasury,product_capture,maria_seattle_v0,maria_mega_backdoor,retirement_tax_advantaged,96,100,95,weighted_blend,0.2,0.8,5,1,deterministic_plus_judge,16102,
treasury,product_capture,maria_seattle_v0,maria_mfte_eligibility_check,housing_rent,96,100,95,weighted_blend,0.2,0.8,5,1,deterministic_plus_judge,11497,
treasury,product_capture,maria_seattle_v0,maria_msft_stock_risk,investing_equity_comp,96,100,95,weighted_blend,0.2,0.8,5,1,deterministic_plus_judge,165680,
treasury,product_capture,maria_seattle_v0,maria_recurring_charges_audit,transaction_intelligence,93,100,85,weighted_blend,0.5,0.5,15,8,deterministic_plus_judge,9627,
treasury,product_capture,maria_seattle_v0,maria_rent_rewards,credit_cards_rewards,77,67,80,weighted_blend,0.2,0.8,13,3,deterministic_plus_judge,9003,
treasury,product_capture,maria_seattle_v0,maria_rental_car_trip,employer_benefits_perks,88,100,85,weighted_blend,0.2,0.8,15,3,deterministic_plus_judge,22395,
treasury,product_capture,maria_seattle_v0,maria_rsu_tax_withholding,investing_equity_comp,96,100,95,weighted_blend,0.2,0.8,5,1,deterministic_plus_judge,7524,
treasury,product_capture,maria_seattle_v0,maria_save_on_rent,housing_rent,88,86,88,weighted_blend,0.15,0.85,2,0,deterministic_plus_judge,25267,
treasury,product_capture,maria_seattle_v0,maria_side_income_tax,tax_strategy,96,100,95,weighted_blend,0.2,0.8,5,1,deterministic_plus_judge,17883,
treasury,product_capture,maria_seattle_v0,maria_spend_april_vs_may,transaction_intelligence,88,80,95,weighted_blend,0.5,0.5,15,7,deterministic_plus_judge,12314,
treasury,product_capture,maria_seattle_v0,maria_spend_may_total,transaction_intelligence,100,100,100,weighted_blend,0.5,0.5,0,0,deterministic_plus_judge,3865,
treasury,product_capture,maria_seattle_v0,maria_subscriptions_benefits,savings_expense_reduction,93,100,92,weighted_blend,0.15,0.85,8,1,deterministic_plus_judge,21716,
treasury,product_capture,maria_seattle_v0,maria_tax_optimization,tax_strategy,93,100,92,weighted_blend,0.15,0.85,8,1,deterministic_plus_judge,8248,
treasury,product_capture,maria_seattle_v0,maria_where_wasting_money,savings_expense_reduction,86,75,88,weighted_blend,0.15,0.85,13,2,deterministic_plus_judge,38985,
treasury,product_capture,patel_denver_family_v0,patel_401k_contribution,retirement_tax_advantaged,96,100,95,weighted_blend,0.2,0.8,5,1,deterministic_plus_judge,10729,
treasury,product_capture,patel_denver_family_v0,patel_401k_percent_to_limit,retirement_tax_advantaged,90,75,95,weighted_blend,0.25,0.75,20,5,deterministic_plus_judge,10816,
treasury,product_capture,patel_denver_family_v0,patel_529_tax_strategy,tax_strategy,83,75,85,weighted_blend,0.2,0.8,10,2,deterministic_plus_judge,11620,
treasury,product_capture,patel_denver_family_v0,patel_backdoor_roth,tax_strategy,87,83,88,weighted_blend,0.2,0.8,5,1,deterministic_plus_judge,19073,
treasury,product_capture,patel_denver_family_v0,patel_checking_buffer,cashflow_budgeting,89,100,85,weighted_blend,0.25,0.75,15,4,deterministic_plus_judge,8364,
treasury,product_capture,patel_denver_family_v0,patel_childcare_family_spend_may,transaction_intelligence,100,100,100,weighted_blend,0.5,0.5,0,0,deterministic_plus_judge,20078,
treasury,product_capture,patel_denver_family_v0,patel_childcare_tax_credits,tax_strategy,94,90,95,weighted_blend,0.2,0.8,5,1,deterministic_plus_judge,11648,
treasury,product_capture,patel_denver_family_v0,patel_college_savings_allocation,investing_equity_comp,73,67,75,weighted_blend,0.2,0.8,8,2,deterministic_plus_judge,13550,
treasury,product_capture,patel_denver_family_v0,patel_costco_target_optimization,credit_cards_rewards,96,100,95,weighted_blend,0.2,0.8,5,1,deterministic_plus_judge,13409,
treasury,product_capture,patel_denver_family_v0,patel_credit_card_balance_check,debt_credit_health,86,88,85,weighted_blend,0.2,0.8,3,1,deterministic_plus_judge,12212,
treasury,product_capture,patel_denver_family_v0,patel_credit_card_strategy,credit_cards_rewards,91,75,95,weighted_blend,0.2,0.8,20,4,deterministic_plus_judge,4950,
treasury,product_capture,patel_denver_family_v0,patel_daycare_rewards,credit_cards_rewards,78,92,75,weighted_blend,0.2,0.8,17,3,deterministic_plus_judge,8737,
treasury,product_capture,patel_denver_family_v0,patel_dependent_care_fsa,employer_benefits_perks,96,100,95,weighted_blend,0.2,0.8,5,1,deterministic_plus_judge,13755,
treasury,product_capture,patel_denver_family_v0,patel_employer_family_benefits,employer_benefits_perks,87,79,88,weighted_blend,0.15,0.85,9,1,deterministic_plus_judge,17259,
treasury,product_capture,patel_denver_family_v0,patel_extra_15000,life_planning_major_decisions,85,71,88,weighted_blend,0.15,0.85,17,3,deterministic_plus_judge,9453,
treasury,product_capture,patel_denver_family_v0,patel_hsa_family,retirement_tax_advantaged,88,60,95,weighted_blend,0.2,0.8,35,7,deterministic_plus_judge,10496,Deterministic/judge divergence 35 points; inspect validator brittleness or judge reasoning.
treasury,product_capture,patel_denver_family_v0,patel_idle_cash,cashflow_budgeting,83,75,85,weighted_blend,0.2,0.8,10,2,deterministic_plus_judge,17773,
treasury,product_capture,patel_denver_family_v0,patel_insurance_review,insurance_risk_protection,86,88,85,weighted_blend,0.2,0.8,3,1,deterministic_plus_judge,7084,
treasury,product_capture,patel_denver_family_v0,patel_life_insurance_need,insurance_risk_protection,88,88,88,weighted_blend,0.2,0.8,0,0,deterministic_plus_judge,13004,
treasury,product_capture,patel_denver_family_v0,patel_mortgage_escrow_review,housing_rent,83,75,85,weighted_blend,0.2,0.8,10,2,deterministic_plus_judge,5572,
treasury,product_capture,patel_denver_family_v0,patel_property_insurance_review,housing_rent,96,100,95,weighted_blend,0.2,0.8,5,1,deterministic_plus_judge,8333,
treasury,product_capture,patel_denver_family_v0,patel_recurring_charges_audit,transaction_intelligence,100,100,100,weighted_blend,0.5,0.5,0,0,deterministic_plus_judge,11237,
treasury,product_capture,patel_denver_family_v0,patel_spend_may_total,transaction_intelligence,78,71,85,weighted_blend,0.5,0.5,14,7,deterministic_plus_judge,4190,
treasury,product_capture,patel_denver_family_v0,patel_subscriptions_benefits,savings_expense_reduction,85,86,85,weighted_blend,0.15,0.85,1,0,deterministic_plus_judge,8108,
treasury,product_capture,patel_denver_family_v0,patel_tax_optimization,tax_strategy,79,83,78,weighted_blend,0.15,0.85,5,1,deterministic_plus_judge,11087,
treasury,product_capture,patel_denver_family_v0,patel_taxable_investing_priority,investing_equity_comp,81,75,82,weighted_blend,0.15,0.85,7,1,deterministic_plus_judge,22598,
treasury,product_capture,patel_denver_family_v0,patel_where_wasting_money,savings_expense_reduction,82,80,82,weighted_blend,0.15,0.85,2,0,deterministic_plus_judge,22663,
